<?xml version="1.0" encoding="UTF-8"?>
<export version="D">
  <design>
    <source>C:\Users\Alex\Documents\KiCadFiles\EEG\EEG.sch</source>
    <date>2019-03-26 4:47:39 PM</date>
    <tool>Eeschema (5.0.0)</tool>
    <sheet number="1" name="/" tstamps="/">
      <title_block>
        <title/>
        <company/>
        <rev/>
        <date/>
        <source>EEG.sch</source>
        <comment number="1" value=""/>
        <comment number="2" value=""/>
        <comment number="3" value=""/>
        <comment number="4" value=""/>
      </title_block>
    </sheet>
  </design>
  <components>
    <comp ref="U1">
      <value>AD620</value>
      <footprint>Package_DIP:DIP-8_W7.62mm</footprint>
      <datasheet>http://www.analog.com/media/en/technical-documentation/data-sheets/AD620.pdf</datasheet>
      <libsource lib="Amplifier_Instrumentation" part="AD620" description="Low Cost, Low Power, Instrumentation Amplifier, DIP-8/SOIC-8"/>
      <sheetpath names="/" tstamps="/"/>
      <tstamp>5C7827C9</tstamp>
    </comp>
    <comp ref="R3">
      <value>560</value>
      <footprint>Resistor_THT:R_Axial_DIN0207_L6.3mm_D2.5mm_P7.62mm_Horizontal</footprint>
      <datasheet>~</datasheet>
      <libsource lib="Device" part="R" description="Resistor"/>
      <sheetpath names="/" tstamps="/"/>
      <tstamp>5C7861A7</tstamp>
    </comp>
    <comp ref="R4">
      <value>22k</value>
      <footprint>Resistor_THT:R_Axial_DIN0207_L6.3mm_D2.5mm_P7.62mm_Horizontal</footprint>
      <datasheet>~</datasheet>
      <libsource lib="Device" part="R" description="Resistor"/>
      <sheetpath names="/" tstamps="/"/>
      <tstamp>5C786243</tstamp>
    </comp>
    <comp ref="R5">
      <value>12</value>
      <footprint>Resistor_THT:R_Axial_DIN0207_L6.3mm_D2.5mm_P7.62mm_Horizontal</footprint>
      <datasheet>~</datasheet>
      <libsource lib="Device" part="R" description="Resistor"/>
      <sheetpath names="/" tstamps="/"/>
      <tstamp>5C78629F</tstamp>
    </comp>
    <comp ref="R2">
      <value>270k</value>
      <footprint>Resistor_THT:R_Axial_DIN0207_L6.3mm_D2.5mm_P7.62mm_Horizontal</footprint>
      <datasheet>~</datasheet>
      <libsource lib="Device" part="R" description="Resistor"/>
      <sheetpath names="/" tstamps="/"/>
      <tstamp>5C7862E3</tstamp>
    </comp>
    <comp ref="R7">
      <value>180k</value>
      <footprint>Resistor_THT:R_Axial_DIN0207_L6.3mm_D2.5mm_P7.62mm_Horizontal</footprint>
      <datasheet>~</datasheet>
      <libsource lib="Device" part="R" description="Resistor"/>
      <sheetpath names="/" tstamps="/"/>
      <tstamp>5C786333</tstamp>
    </comp>
    <comp ref="R9">
      <value>180k</value>
      <footprint>Resistor_THT:R_Axial_DIN0207_L6.3mm_D2.5mm_P7.62mm_Horizontal</footprint>
      <datasheet>~</datasheet>
      <libsource lib="Device" part="R" description="Resistor"/>
      <sheetpath names="/" tstamps="/"/>
      <tstamp>5C78638D</tstamp>
    </comp>
    <comp ref="C2">
      <value>220n</value>
      <footprint>Capacitor_THT:CP_Radial_D4.0mm_P1.50mm</footprint>
      <datasheet>~</datasheet>
      <libsource lib="Device" part="C" description="Unpolarized capacitor"/>
      <sheetpath names="/" tstamps="/"/>
      <tstamp>5C7865E6</tstamp>
    </comp>
    <comp ref="C3">
      <value>10u</value>
      <footprint>Capacitor_THT:CP_Radial_D6.3mm_P2.50mm</footprint>
      <datasheet>~</datasheet>
      <libsource lib="Device" part="CP1" description="Polarised capacitor"/>
      <sheetpath names="/" tstamps="/"/>
      <tstamp>5C7866E3</tstamp>
    </comp>
    <comp ref="U3">
      <value>LM741</value>
      <footprint>Package_DIP:DIP-8_W7.62mm</footprint>
      <datasheet>http://www.ti.com/lit/ds/symlink/lm741.pdf</datasheet>
      <libsource lib="Amplifier_Operational" part="LM741" description="Operational Amplifier, DIP-8/TO-99-8"/>
      <sheetpath names="/" tstamps="/"/>
      <tstamp>5C786B03</tstamp>
    </comp>
    <comp ref="U2">
      <value>LM741</value>
      <footprint>Package_DIP:DIP-8_W7.62mm</footprint>
      <datasheet>http://www.ti.com/lit/ds/symlink/lm741.pdf</datasheet>
      <libsource lib="Amplifier_Operational" part="LM741" description="Operational Amplifier, DIP-8/TO-99-8"/>
      <sheetpath names="/" tstamps="/"/>
      <tstamp>5C786B6B</tstamp>
    </comp>
    <comp ref="U4">
      <value>LM741</value>
      <footprint>Package_DIP:DIP-8_W7.62mm</footprint>
      <datasheet>http://www.ti.com/lit/ds/symlink/lm741.pdf</datasheet>
      <libsource lib="Amplifier_Operational" part="LM741" description="Operational Amplifier, DIP-8/TO-99-8"/>
      <sheetpath names="/" tstamps="/"/>
      <tstamp>5C7873D6</tstamp>
    </comp>
    <comp ref="U5">
      <value>LM741</value>
      <footprint>Package_DIP:DIP-8_W7.62mm</footprint>
      <datasheet>http://www.ti.com/lit/ds/symlink/lm741.pdf</datasheet>
      <libsource lib="Amplifier_Operational" part="LM741" description="Operational Amplifier, DIP-8/TO-99-8"/>
      <sheetpath names="/" tstamps="/"/>
      <tstamp>5C78741C</tstamp>
    </comp>
    <comp ref="C4">
      <value>220n</value>
      <footprint>Capacitor_THT:CP_Radial_D4.0mm_P1.50mm</footprint>
      <datasheet>~</datasheet>
      <libsource lib="Device" part="C" description="Unpolarized capacitor"/>
      <sheetpath names="/" tstamps="/"/>
      <tstamp>5C787BFE</tstamp>
    </comp>
    <comp ref="C1">
      <value>220n</value>
      <footprint>Capacitor_THT:CP_Radial_D4.0mm_P1.50mm</footprint>
      <datasheet>~</datasheet>
      <libsource lib="Device" part="C" description="Unpolarized capacitor"/>
      <sheetpath names="/" tstamps="/"/>
      <tstamp>5C787C5D</tstamp>
    </comp>
    <comp ref="C5">
      <value>220n</value>
      <footprint>Capacitor_THT:CP_Radial_D4.0mm_P1.50mm</footprint>
      <datasheet>~</datasheet>
      <libsource lib="Device" part="C" description="Unpolarized capacitor"/>
      <sheetpath names="/" tstamps="/"/>
      <tstamp>5C787CC7</tstamp>
    </comp>
    <comp ref="R6">
      <value>47k</value>
      <footprint>Resistor_THT:R_Axial_DIN0207_L6.3mm_D2.5mm_P7.62mm_Horizontal</footprint>
      <datasheet>~</datasheet>
      <libsource lib="Device" part="R" description="Resistor"/>
      <sheetpath names="/" tstamps="/"/>
      <tstamp>5C787D75</tstamp>
    </comp>
    <comp ref="R1">
      <value>220k</value>
      <footprint>Resistor_THT:R_Axial_DIN0207_L6.3mm_D2.5mm_P7.62mm_Horizontal</footprint>
      <datasheet>~</datasheet>
      <libsource lib="Device" part="R" description="Resistor"/>
      <sheetpath names="/" tstamps="/"/>
      <tstamp>5C788089</tstamp>
    </comp>
    <comp ref="R10">
      <value>100k</value>
      <footprint>Resistor_THT:R_Axial_DIN0207_L6.3mm_D2.5mm_P7.62mm_Horizontal</footprint>
      <datasheet>~</datasheet>
      <libsource lib="Device" part="R" description="Resistor"/>
      <sheetpath names="/" tstamps="/"/>
      <tstamp>5C788FE0</tstamp>
    </comp>
    <comp ref="C13">
      <value>100n</value>
      <footprint>Capacitor_THT:CP_Radial_D5.0mm_P2.00mm</footprint>
      <datasheet>~</datasheet>
      <libsource lib="Device" part="C" description="Unpolarized capacitor"/>
      <sheetpath names="/" tstamps="/"/>
      <tstamp>5C789297</tstamp>
    </comp>
    <comp ref="C9">
      <value>0.1u</value>
      <footprint>Capacitor_THT:CP_Radial_D5.0mm_P2.00mm</footprint>
      <datasheet>~</datasheet>
      <libsource lib="Device" part="C" description="Unpolarized capacitor"/>
      <sheetpath names="/" tstamps="/"/>
      <tstamp>5C7892F1</tstamp>
    </comp>
    <comp ref="C10">
      <value>1u</value>
      <footprint>Capacitor_THT:CP_Radial_D5.0mm_P2.00mm</footprint>
      <datasheet>~</datasheet>
      <libsource lib="Device" part="CP1" description="Polarised capacitor"/>
      <sheetpath names="/" tstamps="/"/>
      <tstamp>5C78AE41</tstamp>
    </comp>
    <comp ref="R12">
      <value>1M</value>
      <footprint>Resistor_THT:R_Axial_DIN0207_L6.3mm_D2.5mm_P7.62mm_Horizontal</footprint>
      <datasheet>~</datasheet>
      <libsource lib="Device" part="R" description="Resistor"/>
      <sheetpath names="/" tstamps="/"/>
      <tstamp>5C78AEFB</tstamp>
    </comp>
    <comp ref="R13">
      <value>100k</value>
      <footprint>Resistor_THT:R_Axial_DIN0207_L6.3mm_D2.5mm_P7.62mm_Horizontal</footprint>
      <datasheet>~</datasheet>
      <libsource lib="Device" part="R" description="Resistor"/>
      <sheetpath names="/" tstamps="/"/>
      <tstamp>5C78B421</tstamp>
    </comp>
    <comp ref="C14">
      <value>10n</value>
      <footprint>Capacitor_THT:C_Rect_L4.0mm_W2.5mm_P2.50mm</footprint>
      <datasheet>~</datasheet>
      <libsource lib="Device" part="C" description="Unpolarized capacitor"/>
      <sheetpath names="/" tstamps="/"/>
      <tstamp>5C78B48E</tstamp>
    </comp>
    <comp ref="R15">
      <value>220k</value>
      <footprint>Resistor_THT:R_Axial_DIN0207_L6.3mm_D2.5mm_P7.62mm_Horizontal</footprint>
      <datasheet>~</datasheet>
      <libsource lib="Device" part="R" description="Resistor"/>
      <sheetpath names="/" tstamps="/"/>
      <tstamp>5C78D64D</tstamp>
    </comp>
    <comp ref="R16">
      <value>1k</value>
      <footprint>Resistor_THT:R_Axial_DIN0207_L6.3mm_D2.5mm_P7.62mm_Horizontal</footprint>
      <datasheet>~</datasheet>
      <libsource lib="Device" part="R_Variable" description="variable Resistor (Rheostat)"/>
      <sheetpath names="/" tstamps="/"/>
      <tstamp>5C78D75B</tstamp>
    </comp>
    <comp ref="U6">
      <value>LM741</value>
      <footprint>Package_DIP:DIP-8_W7.62mm</footprint>
      <datasheet>http://www.ti.com/lit/ds/symlink/lm741.pdf</datasheet>
      <libsource lib="Amplifier_Operational" part="LM741" description="Operational Amplifier, DIP-8/TO-99-8"/>
      <sheetpath names="/" tstamps="/"/>
      <tstamp>5C78E288</tstamp>
    </comp>
    <comp ref="R11">
      <value>22k</value>
      <footprint>Resistor_THT:R_Axial_DIN0207_L6.3mm_D2.5mm_P7.62mm_Horizontal</footprint>
      <datasheet>~</datasheet>
      <libsource lib="Device" part="R" description="Resistor"/>
      <sheetpath names="/" tstamps="/"/>
      <tstamp>5C7922BD</tstamp>
    </comp>
    <comp ref="C11">
      <value>220n</value>
      <footprint>Capacitor_THT:CP_Radial_D4.0mm_P1.50mm</footprint>
      <datasheet>~</datasheet>
      <libsource lib="Device" part="C" description="Unpolarized capacitor"/>
      <sheetpath names="/" tstamps="/"/>
      <tstamp>5C79238E</tstamp>
    </comp>
    <comp ref="C12">
      <value>10u</value>
      <footprint>Capacitor_THT:CP_Radial_D6.3mm_P2.50mm</footprint>
      <datasheet>~</datasheet>
      <libsource lib="Device" part="CP1" description="Polarised capacitor"/>
      <sheetpath names="/" tstamps="/"/>
      <tstamp>5C792456</tstamp>
    </comp>
    <comp ref="R14">
      <value>12</value>
      <footprint>Resistor_THT:R_Axial_DIN0207_L6.3mm_D2.5mm_P7.62mm_Horizontal</footprint>
      <datasheet>~</datasheet>
      <libsource lib="Device" part="R" description="Resistor"/>
      <sheetpath names="/" tstamps="/"/>
      <tstamp>5C792DA5</tstamp>
    </comp>
    <comp ref="R8">
      <value>270k</value>
      <footprint>Resistor_THT:R_Axial_DIN0207_L6.3mm_D2.5mm_P7.62mm_Horizontal</footprint>
      <datasheet>~</datasheet>
      <libsource lib="Device" part="R" description="Resistor"/>
      <sheetpath names="/" tstamps="/"/>
      <tstamp>5C795592</tstamp>
    </comp>
    <comp ref="C8">
      <value>0.1u</value>
      <footprint>Capacitor_THT:CP_Radial_D5.0mm_P2.00mm</footprint>
      <datasheet>~</datasheet>
      <libsource lib="Device" part="C" description="Unpolarized capacitor"/>
      <sheetpath names="/" tstamps="/"/>
      <tstamp>5C799443</tstamp>
    </comp>
    <comp ref="C6">
      <value>0.1u</value>
      <footprint>Capacitor_THT:CP_Radial_D5.0mm_P2.00mm</footprint>
      <datasheet>~</datasheet>
      <libsource lib="Device" part="C" description="Unpolarized capacitor"/>
      <sheetpath names="/" tstamps="/"/>
      <tstamp>5C7994A5</tstamp>
    </comp>
    <comp ref="C7">
      <value>0.1u</value>
      <footprint>Capacitor_THT:CP_Radial_D5.0mm_P2.00mm</footprint>
      <datasheet>~</datasheet>
      <libsource lib="Device" part="C" description="Unpolarized capacitor"/>
      <sheetpath names="/" tstamps="/"/>
      <tstamp>5C799501</tstamp>
    </comp>
    <comp ref="J1">
      <value>Screw_Terminal_01x02</value>
      <footprint>TerminalBlock_4Ucon:TerminalBlock_4Ucon_1x02_P3.50mm_Vertical</footprint>
      <datasheet>~</datasheet>
      <libsource lib="Connector" part="Screw_Terminal_01x02" description="Generic screw terminal, single row, 01x02, script generated (kicad-library-utils/schlib/autogen/connector/)"/>
      <sheetpath names="/" tstamps="/"/>
      <tstamp>5C91623F</tstamp>
    </comp>
    <comp ref="J2">
      <value>Screw_Terminal_01x03</value>
      <footprint>TerminalBlock_4Ucon:TerminalBlock_4Ucon_1x03_P3.50mm_Vertical</footprint>
      <datasheet>~</datasheet>
      <libsource lib="Connector" part="Screw_Terminal_01x03" description="Generic screw terminal, single row, 01x03, script generated (kicad-library-utils/schlib/autogen/connector/)"/>
      <sheetpath names="/" tstamps="/"/>
      <tstamp>5C9B3101</tstamp>
    </comp>
  </components>
  <libparts>
    <libpart lib="Amplifier_Instrumentation" part="AD620">
      <aliases>
        <alias>AD623</alias>
      </aliases>
      <description>Low Cost, Low Power, Instrumentation Amplifier, DIP-8/SOIC-8</description>
      <docs>http://www.analog.com/media/en/technical-documentation/data-sheets/AD620.pdf</docs>
      <footprints>
        <fp>SOIC*P1.27mm*</fp>
        <fp>DIP*W7.62mm*</fp>
      </footprints>
      <fields>
        <field name="Reference">U</field>
        <field name="Value">AD620</field>
      </fields>
      <pins>
        <pin num="1" name="Rg" type="passive"/>
        <pin num="2" name="-" type="input"/>
        <pin num="3" name="+" type="input"/>
        <pin num="4" name="Vs-" type="power_in"/>
        <pin num="5" name="Ref" type="passive"/>
        <pin num="6" name="~" type="output"/>
        <pin num="7" name="Vs+" type="power_in"/>
        <pin num="8" name="Rg" type="passive"/>
      </pins>
    </libpart>
    <libpart lib="Amplifier_Operational" part="LM741">
      <aliases>
        <alias>AD8610</alias>
        <alias>LF155</alias>
        <alias>LF156</alias>
        <alias>LF256</alias>
        <alias>LF257</alias>
        <alias>LF355</alias>
        <alias>LF356</alias>
        <alias>LF357</alias>
        <alias>TL081</alias>
        <alias>TL061</alias>
        <alias>TL071</alias>
      </aliases>
      <description>Operational Amplifier, DIP-8/TO-99-8</description>
      <docs>http://www.ti.com/lit/ds/symlink/lm741.pdf</docs>
      <footprints>
        <fp>SOIC*3.9x4.9mm*P1.27mm*</fp>
        <fp>DIP*W7.62mm*</fp>
        <fp>TSSOP*3x3mm*P0.65mm*</fp>
      </footprints>
      <fields>
        <field name="Reference">U</field>
        <field name="Value">LM741</field>
      </fields>
      <pins>
        <pin num="1" name="NULL" type="input"/>
        <pin num="2" name="-" type="input"/>
        <pin num="3" name="+" type="input"/>
        <pin num="4" name="V-" type="power_in"/>
        <pin num="5" name="NULL" type="input"/>
        <pin num="6" name="~" type="output"/>
        <pin num="7" name="V+" type="power_in"/>
        <pin num="8" name="NC" type="NotConnected"/>
      </pins>
    </libpart>
    <libpart lib="Connector" part="Screw_Terminal_01x02">
      <description>Generic screw terminal, single row, 01x02, script generated (kicad-library-utils/schlib/autogen/connector/)</description>
      <docs>~</docs>
      <footprints>
        <fp>TerminalBlock*:*</fp>
      </footprints>
      <fields>
        <field name="Reference">J</field>
        <field name="Value">Screw_Terminal_01x02</field>
      </fields>
      <pins>
        <pin num="1" name="Pin_1" type="passive"/>
        <pin num="2" name="Pin_2" type="passive"/>
      </pins>
    </libpart>
    <libpart lib="Connector" part="Screw_Terminal_01x03">
      <description>Generic screw terminal, single row, 01x03, script generated (kicad-library-utils/schlib/autogen/connector/)</description>
      <docs>~</docs>
      <footprints>
        <fp>TerminalBlock*:*</fp>
      </footprints>
      <fields>
        <field name="Reference">J</field>
        <field name="Value">Screw_Terminal_01x03</field>
      </fields>
      <pins>
        <pin num="1" name="Pin_1" type="passive"/>
        <pin num="2" name="Pin_2" type="passive"/>
        <pin num="3" name="Pin_3" type="passive"/>
      </pins>
    </libpart>
    <libpart lib="Device" part="C">
      <description>Unpolarized capacitor</description>
      <docs>~</docs>
      <footprints>
        <fp>C_*</fp>
      </footprints>
      <fields>
        <field name="Reference">C</field>
        <field name="Value">C</field>
      </fields>
      <pins>
        <pin num="1" name="~" type="passive"/>
        <pin num="2" name="~" type="passive"/>
      </pins>
    </libpart>
    <libpart lib="Device" part="CP1">
      <description>Polarised capacitor</description>
      <docs>~</docs>
      <footprints>
        <fp>CP_*</fp>
      </footprints>
      <fields>
        <field name="Reference">C</field>
        <field name="Value">CP1</field>
      </fields>
      <pins>
        <pin num="1" name="~" type="passive"/>
        <pin num="2" name="~" type="passive"/>
      </pins>
    </libpart>
    <libpart lib="Device" part="R">
      <description>Resistor</description>
      <docs>~</docs>
      <footprints>
        <fp>R_*</fp>
      </footprints>
      <fields>
        <field name="Reference">R</field>
        <field name="Value">R</field>
      </fields>
      <pins>
        <pin num="1" name="~" type="passive"/>
        <pin num="2" name="~" type="passive"/>
      </pins>
    </libpart>
    <libpart lib="Device" part="R_Variable">
      <description>variable Resistor (Rheostat)</description>
      <docs>~</docs>
      <footprints>
        <fp>R_*</fp>
      </footprints>
      <fields>
        <field name="Reference">R</field>
        <field name="Value">R_Variable</field>
      </fields>
      <pins>
        <pin num="1" name="~" type="passive"/>
        <pin num="2" name="~" type="passive"/>
      </pins>
    </libpart>
  </libparts>
  <libraries>
    <library logical="Amplifier_Instrumentation">
      <uri>C:\Program Files\KiCad\share\kicad\library/Amplifier_Instrumentation.lib</uri>
    </library>
    <library logical="Amplifier_Operational">
      <uri>C:\Program Files\KiCad\share\kicad\library/Amplifier_Operational.lib</uri>
    </library>
    <library logical="Connector">
      <uri>C:\Program Files\KiCad\share\kicad\library/Connector.lib</uri>
    </library>
    <library logical="Device">
      <uri>C:\Program Files\KiCad\share\kicad\library/Device.lib</uri>
    </library>
  </libraries>
  <nets>
    <net code="1" name="Net-(U6-Pad5)">
      <node ref="U6" pin="5"/>
    </net>
    <net code="2" name="Net-(R14-Pad1)">
      <node ref="U6" pin="2"/>
      <node ref="R14" pin="1"/>
      <node ref="U6" pin="6"/>
    </net>
    <net code="3" name="Net-(U6-Pad8)">
      <node ref="U6" pin="8"/>
    </net>
    <net code="4" name="Net-(C1-Pad1)">
      <node ref="R9" pin="2"/>
      <node ref="U2" pin="6"/>
      <node ref="C1" pin="1"/>
      <node ref="R1" pin="1"/>
    </net>
    <net code="5" name="Net-(C14-Pad1)">
      <node ref="C14" pin="1"/>
      <node ref="R13" pin="1"/>
      <node ref="U5" pin="6"/>
      <node ref="R11" pin="2"/>
    </net>
    <net code="6" name="Net-(C11-Pad2)">
      <node ref="C11" pin="2"/>
      <node ref="J2" pin="1"/>
      <node ref="R11" pin="1"/>
    </net>
    <net code="7" name="Net-(C11-Pad1)">
      <node ref="C11" pin="1"/>
      <node ref="C12" pin="1"/>
      <node ref="R14" pin="2"/>
    </net>
    <net code="8" name="Net-(C12-Pad2)">
      <node ref="R8" pin="2"/>
      <node ref="U6" pin="3"/>
      <node ref="C12" pin="2"/>
    </net>
    <net code="9" name="Net-(C10-Pad2)">
      <node ref="R12" pin="1"/>
      <node ref="U5" pin="3"/>
      <node ref="C10" pin="2"/>
    </net>
    <net code="10" name="GND">
      <node ref="R6" pin="2"/>
      <node ref="R8" pin="1"/>
      <node ref="R2" pin="1"/>
      <node ref="C13" pin="2"/>
      <node ref="U1" pin="5"/>
      <node ref="R16" pin="2"/>
      <node ref="U2" pin="3"/>
      <node ref="U4" pin="3"/>
      <node ref="R12" pin="2"/>
    </net>
    <net code="11" name="Net-(C14-Pad2)">
      <node ref="R13" pin="2"/>
      <node ref="C14" pin="2"/>
      <node ref="U5" pin="2"/>
      <node ref="R15" pin="1"/>
    </net>
    <net code="12" name="Net-(R15-Pad2)">
      <node ref="R15" pin="2"/>
      <node ref="R16" pin="1"/>
    </net>
    <net code="13" name="Net-(U6-Pad1)">
      <node ref="U6" pin="1"/>
    </net>
    <net code="14" name="Net-(C6-Pad1)">
      <node ref="C7" pin="2"/>
      <node ref="C6" pin="1"/>
    </net>
    <net code="15" name="Net-(C6-Pad2)">
      <node ref="C6" pin="2"/>
      <node ref="C8" pin="1"/>
    </net>
    <net code="16" name="Net-(C10-Pad1)">
      <node ref="R7" pin="1"/>
      <node ref="U4" pin="6"/>
      <node ref="C10" pin="1"/>
      <node ref="C7" pin="1"/>
    </net>
    <net code="17" name="Net-(J1-Pad1)">
      <node ref="J1" pin="1"/>
      <node ref="U1" pin="3"/>
    </net>
    <net code="18" name="Net-(J1-Pad2)">
      <node ref="J1" pin="2"/>
      <node ref="U1" pin="2"/>
    </net>
    <net code="19" name="+9V">
      <node ref="U3" pin="7"/>
      <node ref="U4" pin="7"/>
      <node ref="U1" pin="7"/>
      <node ref="U6" pin="7"/>
      <node ref="U5" pin="7"/>
      <node ref="U2" pin="7"/>
      <node ref="J2" pin="2"/>
    </net>
    <net code="20" name="-9V">
      <node ref="U6" pin="4"/>
      <node ref="J2" pin="3"/>
      <node ref="U3" pin="4"/>
      <node ref="U4" pin="4"/>
      <node ref="U5" pin="4"/>
      <node ref="U2" pin="4"/>
      <node ref="U1" pin="4"/>
    </net>
    <net code="21" name="Net-(C8-Pad2)">
      <node ref="C8" pin="2"/>
      <node ref="C9" pin="1"/>
    </net>
    <net code="22" name="Net-(U3-Pad1)">
      <node ref="U3" pin="1"/>
    </net>
    <net code="23" name="Net-(U3-Pad5)">
      <node ref="U3" pin="5"/>
    </net>
    <net code="24" name="Net-(U3-Pad8)">
      <node ref="U3" pin="8"/>
    </net>
    <net code="25" name="Net-(U2-Pad1)">
      <node ref="U2" pin="1"/>
    </net>
    <net code="26" name="Net-(U2-Pad5)">
      <node ref="U2" pin="5"/>
    </net>
    <net code="27" name="Net-(U2-Pad8)">
      <node ref="U2" pin="8"/>
    </net>
    <net code="28" name="Net-(U4-Pad1)">
      <node ref="U4" pin="1"/>
    </net>
    <net code="29" name="Net-(U4-Pad5)">
      <node ref="U4" pin="5"/>
    </net>
    <net code="30" name="Net-(U4-Pad8)">
      <node ref="U4" pin="8"/>
    </net>
    <net code="31" name="Net-(U5-Pad1)">
      <node ref="U5" pin="1"/>
    </net>
    <net code="32" name="Net-(U5-Pad5)">
      <node ref="U5" pin="5"/>
    </net>
    <net code="33" name="Net-(R4-Pad2)">
      <node ref="R4" pin="2"/>
      <node ref="U1" pin="6"/>
    </net>
    <net code="34" name="Net-(R3-Pad2)">
      <node ref="U1" pin="8"/>
      <node ref="R3" pin="2"/>
    </net>
    <net code="35" name="Net-(R3-Pad1)">
      <node ref="R3" pin="1"/>
      <node ref="U1" pin="1"/>
    </net>
    <net code="36" name="Net-(C2-Pad2)">
      <node ref="R4" pin="1"/>
      <node ref="C2" pin="2"/>
    </net>
    <net code="37" name="Net-(C4-Pad2)">
      <node ref="U3" pin="6"/>
      <node ref="R5" pin="2"/>
      <node ref="U3" pin="2"/>
      <node ref="C4" pin="2"/>
    </net>
    <net code="38" name="Net-(C3-Pad2)">
      <node ref="C3" pin="2"/>
      <node ref="U3" pin="3"/>
      <node ref="R2" pin="2"/>
    </net>
    <net code="39" name="Net-(C2-Pad1)">
      <node ref="R5" pin="1"/>
      <node ref="C2" pin="1"/>
      <node ref="C3" pin="1"/>
    </net>
    <net code="40" name="Net-(C5-Pad1)">
      <node ref="C5" pin="1"/>
      <node ref="U2" pin="2"/>
      <node ref="R1" pin="2"/>
    </net>
    <net code="41" name="Net-(C13-Pad1)">
      <node ref="C13" pin="1"/>
      <node ref="R7" pin="2"/>
      <node ref="R9" pin="1"/>
      <node ref="R10" pin="2"/>
    </net>
    <net code="42" name="Net-(C9-Pad2)">
      <node ref="R10" pin="1"/>
      <node ref="C9" pin="2"/>
      <node ref="U4" pin="2"/>
    </net>
    <net code="43" name="Net-(U5-Pad8)">
      <node ref="U5" pin="8"/>
    </net>
    <net code="44" name="Net-(C1-Pad2)">
      <node ref="C4" pin="1"/>
      <node ref="C1" pin="2"/>
      <node ref="C5" pin="2"/>
      <node ref="R6" pin="1"/>
    </net>
  </nets>
</export>
